espn_id,name,team,position,points,bye,pass_yds,pass_tds,rec,rec_yds,rec_tds,rush_yds,rush_tds
2560968,Saquon Barkley,NYG,RB,365,11,NA,NA,83,680,4,1275,10
2558019,Alvin Kamara,NO,RB,341,9,NA,NA,85,759,4,920,10
2557997,Christian McCaffrey,CAR,RB,341,7,NA,NA,93,790,5,997,7
2555224,Ezekiel Elliott,DAL,RB,320,8,NA,NA,66,506,2,1322,9
2495454,Julio Jones,ATL,WR,314,9,NA,NA,106,1562,9,10,0
2540175,LeVeon Bell,NYJ,RB,281,4,NA,NA,60,510,2,1095,8
2540165,DeAndre Hopkins,HOU,WR,311,10,NA,NA,103,1450,10,1,0
2543495,Davante Adams,GB,WR,310,11,NA,NA,105,1348,11,0,0
2557978,James Conner,PIT,RB,276,7,NA,NA,53,428,2,1095,10
2540258,Travis Kelce,KC,TE,275,12,NA,NA,96,1230,9,1,0
2553435,David Johnson,ARI,RB,274,12,NA,NA,57,512,3,1027,7
2558149,JuJu Smith-Schuster,PIT,WR,300,7,NA,NA,102,1383,9,9,0
2556370,Michael Thomas,NO,WR,299,9,NA,NA,114,1341,8,0,0
2557991,Dalvin Cook,MIN,RB,266,12,NA,NA,58,442,2,1090,7
2552475,Todd Gurley,LAR,RB,262,9,NA,NA,45,414,2,1013,10
2552469,Melvin Gordon,LAC,RB,259,12,NA,NA,48,429,3,969,9
2543496,Odell Beckham,CLE,WR,282,7,NA,NA,91,1303,10,26,0
2557976,Joe Mixon,CIN,RB,252,9,NA,NA,45,336,1,1150,8
2550512,Damien Williams,KC,RB,250,12,NA,NA,53,404,4,880,8
2557973,Leonard Fournette,JAC,RB,247,10,NA,NA,48,389,1,1005,8
2543468,Mike Evans,TB,WR,273,7,NA,NA,86,1383,8,0,0
2540158,Zach Ertz,PHI,TE,240,10,NA,NA,94,982,8,0,0
2556214,Tyreek Hill,KC,WR,269,12,NA,NA,77,1251,8,103,1
2561021,Nick Chubb,CLE,RB,238,7,NA,NA,32,240,1,1166,9
2508061,Antonio Brown,OAK,WR,268,6,NA,NA,95,1192,9,5,0
2560765,Kerryon Johnson,DET,RB,236,5,NA,NA,50,379,2,991,6
2540154,Keenan Allen,LAC,WR,266,12,NA,NA,96,1242,6,32,0
2558116,Aaron Jones,GB,RB,235,11,NA,NA,41,321,1,999,9
2558266,George Kittle,SF,TE,230,4,NA,NA,80,1106,6,2,0
2541785,Adam Thielen,MIN,WR,260,12,NA,NA,92,1211,7,28,0
2558125,Patrick Mahomes,KC,QB,389,12,4807.209309,12.93305986,NA,NA,NA,247,2
2543583,Devonta Freeman,ATL,RB,224,9,NA,NA,44,356,2,911,7
2552608,Stefon Diggs,MIN,WR,248,12,NA,NA,92,1033,8,44,0
2558123,Marlon Mack,IND,RB,218,6,NA,NA,27,195,1,1096,9
2532865,T.Y. Hilton,IND,WR,247,6,NA,NA,80,1287,6,0,0
2559947,Phillip Lindsay,DEN,RB,217,10,NA,NA,40,294,1,974,7
238498,Julian Edelman,NE,WR,246,10,NA,NA,91,1101,6,64,0
2556075,Derrick Henry,TEN,RB,214,11,NA,NA,19,140,0,1160,10
2555230,Kenyan Drake,MIA,RB,212,5,NA,NA,53,442,3,691,5
2543773,James White,NE,RB,211,10,NA,NA,74,645,4,316,3
2552487,Amari Cooper,DAL,WR,240,8,NA,NA,81,1096,8,15,0
2540169,Robert Woods,LAR,WR,239,9,NA,NA,82,1109,5,98,1
2562377,Josh Jacobs,OAK,RB,204,6,NA,NA,37,294,1,914,6
2543498,Brandin Cooks,LAR,WR,233,9,NA,NA,76,1143,6,59,0
2558865,Chris Carson,SEA,RB,201,11,NA,NA,25,205,1,1048,8
2495466,Mark Ingram,BAL,RB,201,8,NA,NA,30,216,1,989,7
2558250,Tarik Cohen,CHI,RB,196,6,NA,NA,63,596,3,385,3
2558063,Deshaun Watson,HOU,QB,355,10,4043.359774,11.79466304,NA,NA,NA,553,4
100005,Bears,CHI,D,133,6,NA,NA,NA,NA,NA,NA,NA
2560809,Sony Michel,NE,RB,190,10,NA,NA,12,93,1,1079,10
2558052,Kenny Golladay,DET,WR,220,5,NA,NA,73,1077,6,8,0
2557858,Evan Engram,NYG,TE,185,11,NA,NA,66,821,5,17,0
2555466,Tyler Boyd,CIN,WR,215,9,NA,NA,77,1004,6,6,0
2562502,David Montgomery,CHI,RB,184,6,NA,NA,30,250,1,835,6
2558105,Chris Godwin,TB,WR,214,7,NA,NA,73,1013,6,3,0
2533034,Lamar Miller,HOU,RB,182,10,NA,NA,33,240,1,880,5
2557898,Cooper Kupp,LAR,WR,211,9,NA,NA,72,941,7,24,0
2552430,Tyler Lockett,SEA,WR,211,11,NA,NA,61,999,7,58,0
2557856,O.J. Howard,TB,TE,179,7,NA,NA,57,812,7,0,0
2533031,Andrew Luck,IND,QB,339,6,4432.161331,14.27527836,NA,NA,NA,213,1
2495450,A.J. Green,CIN,WR,207,9,NA,NA,66,973,7,1,0
2543488,Jarvis Landry,CLE,WR,207,7,NA,NA,77,933,5,33,0
100002,Ravens,BAL,D,116,8,NA,NA,NA,NA,NA,NA,NA
2534797,Greg Zuerlein,LAR,K,140,9,NA,NA,NA,NA,NA,NA,NA
100021,Patriots,NE,D,117,10,NA,NA,NA,NA,NA,NA,NA
2533039,Alshon Jeffery,PHI,WR,206,10,NA,NA,69,939,7,1,0
2506363,Aaron Rodgers,GB,QB,337,11,4329.909565,7.20248221,NA,NA,NA,275,2
71265,Jared Cook,NO,TE,174,9,NA,NA,61,776,6,0,0
2560854,Calvin Ridley,ATL,WR,204,9,NA,NA,66,871,8,24,0
2495455,Cam Newton,CAR,QB,335,7,3738.477597,14.8056216,NA,NA,NA,554,5
2558846,Mike Williams,LAC,WR,203,12,NA,NA,60,884,8,23,0
2560813,D.J. Moore,CAR,WR,202,7,NA,NA,67,919,5,117,0
2556462,Robby Anderson,NYJ,WR,201,4,NA,NA,61,936,7,9,0
2555341,Hunter Henry,LAC,TE,168,12,NA,NA,58,735,6,0,0
2536340,Justin Tucker,BAL,K,131,8,NA,NA,NA,NA,NA,NA,NA
2558245,Harrison Butker,KC,K,130,12,NA,NA,NA,NA,NA,NA,NA
2506922,Stephen Gostkowski,NE,K,129,10,NA,NA,NA,NA,NA,NA,NA
2552453,Tevin Coleman,SF,RB,166,4,NA,NA,29,235,2,756,5
310,Matt Ryan,ATL,QB,328,9,4596.122465,9.548179154,NA,NA,NA,120,1
2561000,Derrius Guice,WAS,RB,166,10,NA,NA,29,224,1,747,6
2560800,Baker Mayfield,CLE,QB,328,7,4348.010791,15.27771034,NA,NA,NA,195,1
2543509,Allen Robinson,CHI,WR,194,6,NA,NA,67,933,5,8,0
2556601,Wil Lutz,NO,K,126,9,NA,NA,NA,NA,NA,NA,NA
2552033,Jameis Winston,TB,QB,325,7,4369.031021,16.44016743,NA,NA,NA,285,1
2543457,Sammy Watkins,KC,WR,192,12,NA,NA,64,910,6,28,0
2557848,Corey Davis,TEN,WR,192,11,NA,NA,67,888,5,40,0
2555259,Carson Wentz,PHI,QB,323,10,4222.936388,11.22150272,NA,NA,NA,200,1
2506109,Ben Roethlisberger,PIT,QB,322,7,4600.886681,14.88401005,NA,NA,NA,71,1
2540215,Vance McDonald,PIT,TE,159,7,NA,NA,60,691,5,0,0
2555418,Jordan Howard,PHI,RB,159,10,NA,NA,20,150,1,781,7
2555295,Sterling Shepard,NYG,WR,188,11,NA,NA,66,883,5,22,0
2556521,Kaimi Fairbairn,HOU,K,120,10,NA,NA,NA,NA,NA,NA,NA
2532975,Russell Wilson,SEA,QB,318,11,3641.199967,9.057580578,NA,NA,NA,395,2
79607,LeSean McCoy,BUF,RB,156,6,NA,NA,34,265,1,674,4
2557986,David Njoku,CLE,TE,155,7,NA,NA,56,662,5,0,0
2555334,Jared Goff,LAR,QB,317,9,4428.491365,11.4582252,NA,NA,NA,103,1
2532884,Marvin Jones,DET,WR,185,5,NA,NA,61,877,6,1,0
2503471,Adam Vinatieri,IND,K,117,6,NA,NA,NA,NA,NA,NA,NA
2560742,Nyheim Hines,IND,RB,154,6,NA,NA,54,424,2,311,2
2559169,Austin Ekeler,LAC,RB,154,12,NA,NA,40,374,2,468,3
2555260,Dak Prescott,DAL,QB,314,8,3801.377798,9.994730013,NA,NA,NA,316,6
2560965,Mike Badgley,LAC,K,115,12,NA,NA,NA,NA,NA,NA,NA
2495966,Delanie Walker,TEN,TE,151,11,NA,NA,59,660,4,1,0
2553112,Jason Myers,SEA,K,114,11,NA,NA,NA,NA,NA,NA,NA
2558172,Jake Elliott,PHI,K,114,10,NA,NA,NA,NA,NA,NA,NA
2540243,Brett Maher,DAL,K,113,8,NA,NA,NA,NA,NA,NA,NA
2535686,Giorgio Tavecchio,ATL,K,113,9,NA,NA,NA,NA,NA,NA,NA
2543466,Eric Ebron,IND,TE,150,6,NA,NA,50,582,7,10,0
2504775,Drew Brees,NO,QB,312,9,4276.797145,8.587191293,NA,NA,NA,33,2
2507232,Mason Crosby,GB,K,113,11,NA,NA,NA,NA,NA,NA,NA
2506677,Matt Prater,DET,K,113,5,NA,NA,NA,NA,NA,NA,NA
2560836,Dante Pettis,SF,WR,180,4,NA,NA,57,864,6,7,0
2560757,Lamar Jackson,BAL,QB,311,8,2950.335651,9.636542486,NA,NA,NA,890,6
2560835,Rashaad Penny,SEA,RB,149,11,NA,NA,22,169,1,769,5
2555415,Austin Hooper,ATL,TE,149,9,NA,NA,61,614,4,0,0
2506106,Larry Fitzgerald,ARI,WR,179,12,NA,NA,70,767,5,0,0
2495469,Dion Lewis,TEN,RB,147,11,NA,NA,48,352,1,464,2
2556771,Aldrick Rosas,NYG,K,110,11,NA,NA,NA,NA,NA,NA,NA
2540160,Jordan Reed,WAS,TE,147,10,NA,NA,62,628,4,0,0
2495259,Dan Bailey,MIN,K,110,12,NA,NA,NA,NA,NA,NA,NA
71309,Graham Gano,CAR,K,109,7,NA,NA,NA,NA,NA,NA,NA
2532820,Kirk Cousins,MIN,QB,308,12,4195.552871,11.92806614,NA,NA,NA,134,2
2560781,Christian Kirk,ARI,WR,177,12,NA,NA,62,829,5,26,0
2556466,Peyton Barber,TB,RB,146,7,NA,NA,23,142,1,766,5
2557895,Dede Westbrook,JAC,WR,177,10,NA,NA,64,766,5,53,0
2550545,Chris Boswell,PIT,K,109,7,NA,NA,NA,NA,NA,NA,NA
2558008,Mitchell Trubisky,CHI,QB,308,6,3752.788937,12.83723315,NA,NA,NA,383,3
2560955,Josh Allen,BUF,QB,307,6,3222.698368,14.4969234,NA,NA,NA,674,7
2555346,Will Fuller,HOU,WR,175,10,NA,NA,55,826,6,4,0
89802,Ryan Succop,TEN,K,107,11,NA,NA,NA,NA,NA,NA,NA
2506264,Robbie Gould,SF,K,105,4,NA,NA,NA,NA,NA,NA,NA
2562722,Miles Sanders,PHI,RB,142,10,NA,NA,29,230,1,593,4
2556885,Jalen Richard,OAK,RB,141,6,NA,NA,55,480,1,250,1
497322,Emmanuel Sanders,DEN,WR,171,10,NA,NA,65,804,4,23,0
2541161,Latavius Murray,NO,RB,140,9,NA,NA,22,156,0,626,6
2495438,Kyle Rudolph,MIN,TE,139,12,NA,NA,55,546,5,0,0
2504211,Tom Brady,NE,QB,301,10,4375.17211,10.71021348,NA,NA,NA,35,1
2560862,Jaylen Samuels,PIT,RB,139,7,NA,NA,41,333,3,381,2
2533040,Mohamed Sanu,ATL,WR,169,9,NA,NA,63,783,4,30,0
497236,Jimmy Graham,GB,TE,139,11,NA,NA,53,591,4,0,0
2539227,Dustin Hopkins,WAS,K,101,10,NA,NA,NA,NA,NA,NA,NA
2506121,Philip Rivers,LAC,QB,300,12,4363.762461,12.74037673,NA,NA,NA,19,0
2540011,Chris Thompson,WAS,RB,138,10,NA,NA,56,411,2,252,1
2553833,Josh Lambo,JAC,K,100,10,NA,NA,NA,NA,NA,NA,NA
2562382,Kyler Murray,ARI,QB,299,12,3508.820779,13.63460025,NA,NA,NA,521,4
2560993,Daniel Carlson,OAK,K,100,6,NA,NA,NA,NA,NA,NA,NA
2507374,Steven Hauschka,BUF,K,100,6,NA,NA,NA,NA,NA,NA,NA
2543715,Jerick McKinnon,SF,RB,137,4,NA,NA,37,304,1,425,3
2560957,Mark Andrews,BAL,TE,136,8,NA,NA,48,620,4,1,0
2540232,Jack Doyle,IND,TE,136,6,NA,NA,55,551,4,0,0
2541556,Brandon McManus,DEN,K,99,10,NA,NA,NA,NA,NA,NA,NA
2550284,Trey Burton,CHI,TE,136,6,NA,NA,51,562,5,1,0
2533444,Randy Bullock,CIN,K,98,9,NA,NA,NA,NA,NA,NA,NA
2556472,Taylor Bertolet,NYJ,K,98,4,NA,NA,NA,NA,NA,NA,NA
2558066,Curtis Samuel,CAR,WR,164,7,NA,NA,52,695,5,85,1
2495700,Greg Olsen,CAR,TE,132,7,NA,NA,48,547,5,0,0
2543801,Jimmy Garoppolo,SF,QB,294,4,4233.34941,15.40987024,NA,NA,NA,100,1
2560888,Courtland Sutton,DEN,WR,162,10,NA,NA,53,780,5,4,0
2561153,Jason Sanders,MIA,K,94,5,NA,NA,NA,NA,NA,NA,NA
2558178,Zane Gonzalez,ARI,K,91,12,NA,NA,NA,NA,NA,NA,NA
1581,DeSean Jackson,PHI,WR,157,10,NA,NA,49,785,4,34,0
2552461,Duke Johnson,HOU,RB,122,10,NA,NA,38,370,2,270,2
2543614,Donte Moncrief,PIT,WR,152,7,NA,NA,55,716,4,1,0
2559924,Ito Smith,ATL,RB,121,9,NA,NA,32,194,1,448,3
2550636,Cairo Santos,TB,K,83,7,NA,NA,NA,NA,NA,NA,NA
2543847,John Brown,BUF,WR,151,6,NA,NA,46,723,5,2,0
2540202,Kenny Stills,MIA,WR,151,5,NA,NA,49,713,5,1,0
2561534,Greg Joseph,CLE,K,82,7,NA,NA,NA,NA,NA,NA,NA
2552415,Jamison Crowder,NYJ,WR,149,4,NA,NA,58,670,4,23,0
2560842,Eddy Pineiro,CHI,K,81,6,NA,NA,NA,NA,NA,NA,NA
2560735,Michael Gallup,DAL,WR,149,8,NA,NA,49,732,4,0,0
2560907,Marquez Valdes-Scantling,GB,WR,148,11,NA,NA,51,732,4,20,0
2560733,Royce Freeman,DEN,RB,117,10,NA,NA,18,109,0,600,5
2553913,Tyrell Williams,OAK,WR,147,6,NA,NA,52,710,4,6,0
2562574,Darrell Henderson,LAR,RB,117,9,NA,NA,17,166,1,543,4
2558918,Matt Breida,SF,RB,116,4,NA,NA,23,207,1,493,3
2507164,Adrian Peterson,WAS,RB,116,10,NA,NA,16,134,0,606,4
2556460,Geronimo Allison,GB,WR,146,11,NA,NA,50,713,4,4,0
2543475,Marqise Lee,JAC,WR,146,10,NA,NA,55,688,3,15,0
2552458,Devin Funchess,IND,WR,145,6,NA,NA,51,641,5,0,0
2561029,Keke Coutee,HOU,WR,145,10,NA,NA,57,653,4,10,0
2505629,Jason Witten,DAL,TE,114,8,NA,NA,47,445,4,0,0
2562378,T.J. Hockenson,DET,TE,112,5,NA,NA,42,477,4,1,0
2552409,DeVante Parker,MIA,WR,143,5,NA,NA,53,682,4,0,0
2558204,Jamaal Williams,GB,RB,112,11,NA,NA,26,206,1,435,3
2537931,Josh Gordon,NE,WR,141,10,NA,NA,47,715,4,0,0
2540148,Tyler Eifert,CIN,TE,111,9,NA,NA,41,485,3,0,0
2543743,Carlos Hyde,KC,RB,111,12,NA,NA,20,152,0,489,4
2560770,Ronald Jones,TB,RB,110,7,NA,NA,20,139,0,511,4
497326,Golden Tate,NYG,WR,141,11,NA,NA,56,649,3,15,0
2543499,Derek Carr,OAK,QB,272,6,4116.847673,11.95311427,NA,NA,NA,57,1
2495143,Andy Dalton,CIN,QB,271,9,3751.390239,13.9207409,NA,NA,NA,133,1
2560967,Kalen Ballage,MIA,RB,109,5,NA,NA,19,146,0,558,3
2507166,Ted Ginn,NO,WR,139,9,NA,NA,46,666,4,43,0
2561036,Sam Darnold,NYJ,QB,270,4,3699.233843,15.76782336,NA,NA,NA,174,1
2553895,Adam Humphries,TEN,WR,138,11,NA,NA,55,614,3,8,0
2562383,Noah Fant,DEN,TE,108,10,NA,NA,42,460,3,1,0
2560738,Chris Herndon,NYJ,TE,107,4,NA,NA,37,477,4,0,0
2560995,Dallas Goedert,PHI,TE,107,10,NA,NA,38,416,5,0,0
2540156,Giovani Bernard,CIN,RB,107,9,NA,NA,35,267,1,279,2
2539964,Marquise Goodwin,SF,WR,136,4,NA,NA,41,657,4,23,0
2550272,Albert Wilson,MIA,WR,135,5,NA,NA,48,616,4,26,0
2560810,Anthony Miller,CHI,WR,135,6,NA,NA,44,586,5,19,0
100017,Rams,LAR,D,113,9,NA,NA,NA,NA,NA,NA,NA
79860,Matthew Stafford,DET,QB,265,5,3918.624558,11.33758058,NA,NA,NA,85,0
2562685,DK Metcalf,SEA,WR,133,11,NA,NA,41,613,5,8,0
2540269,C.J. Anderson,DET,RB,102,5,NA,NA,14,99,0,529,4
2557917,Kareem Hunt,CLE,RB,101,7,NA,NA,16,178,2,376,3
2561002,DaeSean Hamilton,DEN,WR,131,10,NA,NA,54,569,3,-1,0
2562659,N'Keal Harry,NE,WR,131,10,NA,NA,45,614,4,24,0
100016,Chiefs,KC,D,109,12,NA,NA,NA,NA,NA,NA,NA
2552466,Marcus Mariota,TEN,QB,262,11,3349.270829,12.21670573,NA,NA,NA,371,3
100009,Broncos,DEN,D,108,10,NA,NA,NA,NA,NA,NA,NA
2553439,Mike Davis,CHI,RB,99,6,NA,NA,21,143,0,432,3
2552408,Darren Waller,OAK,TE,98,6,NA,NA,39,438,2,10,0
100007,Browns,CLE,D,107,7,NA,NA,NA,NA,NA,NA,NA
100013,Texans,HOU,D,107,10,NA,NA,NA,NA,NA,NA,NA
100022,Saints,NO,D,107,9,NA,NA,NA,NA,NA,NA,NA
2550617,Taylor Gabriel,CHI,WR,127,6,NA,NA,51,564,2,48,0
100014,Colts,IND,D,105,6,NA,NA,NA,NA,NA,NA,NA
2552600,Nelson Agholor,PHI,WR,126,10,NA,NA,45,566,4,25,0
2540020,Theo Riddick,DEN,RB,96,10,NA,NA,40,298,1,149,1
2560920,James Washington,PIT,WR,125,7,NA,NA,43,623,3,1,0
2543828,Quincy Enunwa,NYJ,WR,125,4,NA,NA,47,606,3,1,0
100028,Chargers,LAC,D,103,12,NA,NA,NA,NA,NA,NA,NA
2543491,Paul Richardson,WAS,WR,124,10,NA,NA,42,595,4,16,0
2539265,Rex Burkhead,NE,RB,94,10,NA,NA,25,220,1,248,3
2649,Danny Amendola,DET,WR,124,5,NA,NA,56,542,2,4,0
100027,Steelers,PIT,D,102,7,NA,NA,NA,NA,NA,NA,NA
100020,Vikings,MIN,D,102,12,NA,NA,NA,NA,NA,NA,NA
100015,Jaguars,JAC,D,102,10,NA,NA,NA,NA,NA,NA,NA
2562379,Marquise Brown,BAL,WR,123,8,NA,NA,39,586,4,33,0
2560878,Tre'Quan Smith,NO,WR,123,9,NA,NA,39,568,4,6,0
100030,Seahawks,SEA,D,101,11,NA,NA,NA,NA,NA,NA,NA
100003,Bills,BUF,D,101,6,NA,NA,NA,NA,NA,NA,NA
2555343,Josh Doctson,WAS,WR,122,10,NA,NA,45,575,3,-1,0
100004,Panthers,CAR,D,100,7,NA,NA,NA,NA,NA,NA,NA
2550656,Cameron Brate,TB,TE,91,7,NA,NA,33,346,4,0,0
100032,Redskins,WAS,D,100,10,NA,NA,NA,NA,NA,NA,NA
2560994,Mike Gesicki,MIA,TE,90,5,NA,NA,37,387,2,0,0
100025,Eagles,PHI,D,99,10,NA,NA,NA,NA,NA,NA,NA
2557863,Zay Jones,BUF,WR,121,6,NA,NA,43,524,4,1,0
100024,Jets,NYJ,D,99,4,NA,NA,NA,NA,NA,NA,NA
2561046,Will Dissly,SEA,TE,89,11,NA,NA,30,373,4,1,0
2550256,Willie Snead,BAL,WR,120,8,NA,NA,51,560,2,6,0
100026,Cardinals,ARI,D,98,12,NA,NA,NA,NA,NA,NA,NA
2555461,Wendell Smallwood,PHI,RB,88,10,NA,NA,23,194,1,292,2
100012,Titans,TEN,D,96,11,NA,NA,NA,NA,NA,NA,NA
100019,Dolphins,MIA,D,96,5,NA,NA,NA,NA,NA,NA,NA
100001,Falcons,ATL,D,96,9,NA,NA,NA,NA,NA,NA,NA
100008,Cowboys,DAL,D,95,8,NA,NA,NA,NA,NA,NA,NA
100011,Packers,GB,D,95,11,NA,NA,NA,NA,NA,NA,NA
2532842,Nick Foles,JAC,QB,246,10,3651.63316,13.41313939,NA,NA,NA,90,1
100006,Bengals,CIN,D,93,9,NA,NA,NA,NA,NA,NA,NA
100010,Lions,DET,D,93,5,NA,NA,NA,NA,NA,NA,NA
2562495,Parris Campbell,IND,WR,114,6,NA,NA,39,511,4,22,0
2562281,Damien Harris,NE,RB,83,10,NA,NA,11,110,0,387,3
100031,Buccaneers,TB,D,92,7,NA,NA,NA,NA,NA,NA,NA
100023,Giants,NYG,D,91,11,NA,NA,NA,NA,NA,NA,NA
2495448,Randall Cobb,DAL,WR,112,8,NA,NA,45,498,3,8,0
100029,49ers,SF,D,91,4,NA,NA,NA,NA,NA,NA,NA
2560729,Robert Foster,BUF,WR,110,6,NA,NA,35,537,4,0,0
2495826,Vernon Davis,WAS,TE,79,10,NA,NA,29,380,2,0,0
2535698,Cole Beasley,BUF,WR,109,6,NA,NA,45,508,2,1,0
2557889,Gerald Everett,LAR,TE,79,9,NA,NA,30,323,3,4,0
2562734,Devin Singletary,BUF,RB,79,6,NA,NA,15,129,0,343,2
2552559,C.J. Uzomah,CIN,TE,77,9,NA,NA,31,327,2,0,0
2560894,Ian Thomas,CAR,TE,77,7,NA,NA,31,318,2,0,0
2562721,Deebo Samuel,SF,WR,107,4,NA,NA,38,518,3,12,0
2552471,T.J. Yeldon,BUF,RB,77,6,NA,NA,25,213,1,199,1
2561324,Gus Edwards,BAL,RB,76,8,NA,NA,5,34,0,507,3
2553454,Geoff Swaim,JAC,TE,76,10,NA,NA,33,327,2,0,0
2558856,David Moore,SEA,WR,106,11,NA,NA,33,500,4,2,0
2553667,Matt LaCosse,NE,TE,75,10,NA,NA,30,331,2,0,0
2562832,Darwin Thompson,KC,RB,75,12,NA,NA,15,147,1,315,1
2560847,Trey Quinn,WAS,WR,105,10,NA,NA,43,482,2,10,0
2543600,Alfred Blue,JAC,RB,75,10,NA,NA,16,124,0,348,2
2560756,Justin Jackson,LAC,RB,73,12,NA,NA,16,134,0,296,2
2560747,Hayden Hurst,BAL,TE,72,8,NA,NA,28,317,2,1,0
2506404,Frank Gore,BUF,RB,72,6,NA,NA,12,105,0,400,1
2562385,Redford Jones,FA,K,35,NA,NA,NA,NA,NA,NA,NA,NA
2558010,John Ross,CIN,WR,102,9,NA,NA,32,407,5,15,0
382,Joe Flacco,DEN,QB,233,10,3541.947731,12.61539556,NA,NA,NA,65,1
2557994,DOnta Foreman,IND,RB,71,6,NA,NA,9,85,0,370,2
2559193,Blake Jarwin,DAL,TE,70,8,NA,NA,28,296,2,0,0
2562238,A.J. Brown,TEN,WR,101,11,NA,NA,35,496,3,4,0
2552633,Jesse James,DET,TE,70,5,NA,NA,28,309,2,0,0
2556440,J.D. McKissic,SEA,RB,70,11,NA,NA,24,191,1,163,0
2505996,Eli Manning,NYG,QB,231,11,3606.13139,11.15368774,NA,NA,NA,21,1
2506122,Benjamin Watson,NE,TE,69,10,NA,NA,26,309,2,0,0
100018,Raiders,OAK,D,78,6,NA,NA,NA,NA,NA,NA,NA
2495139,Charles Clay,ARI,TE,68,12,NA,NA,29,298,2,1,0
2559150,Corey Clement,PHI,RB,67,10,NA,NA,18,144,0,215,2
2552597,Breshad Perriman,TB,WR,97,7,NA,NA,32,505,2,7,0
2562682,Alexander Mattison,MIN,RB,66,12,NA,NA,12,89,0,309,2
2555468,Rashard Higgins,CLE,WR,96,7,NA,NA,33,461,3,1,0
2552399,Jeff Heuerman,DEN,TE,66,10,NA,NA,27,266,2,0,0
2562407,Justice Hill,BAL,RB,65,8,NA,NA,11,112,0,282,2
2555364,Tyler Higbee,LAR,TE,62,9,NA,NA,24,275,2,0,0
2555478,Demarcus Robinson,KC,WR,93,12,NA,NA,31,419,3,0,0
2552429,Ty Montgomery,NYJ,RB,62,4,NA,NA,19,157,1,173,1
2559248,Ricky Seals-Jones,ARI,TE,61,12,NA,NA,24,260,2,0,0
2557934,Elijah McGuire,NYJ,RB,61,4,NA,NA,15,135,1,206,1
2558144,Adam Shaheen,CHI,TE,60,6,NA,NA,23,245,2,0,0
2560988,Antonio Callaway,CLE,WR,91,7,NA,NA,30,427,3,4,0
2560711,Chase Edmonds,ARI,RB,60,12,NA,NA,16,117,0,220,1
2495328,Bilal Powell,NYJ,RB,60,4,NA,NA,13,117,0,252,1
2552424,Phillip Dorsett,NE,WR,89,10,NA,NA,32,371,3,18,0
2555223,Devontae Booker,DEN,RB,58,10,NA,NA,21,158,0,142,1
2555289,Nick Vannett,SEA,TE,58,11,NA,NA,24,232,2,0,0
2558207,Jonnu Smith,TEN,TE,58,11,NA,NA,21,245,2,0,0
2559153,Keelan Cole,JAC,WR,88,10,NA,NA,32,453,2,2,0
2540230,Kyle Juszczyk,SF,RB,58,4,NA,NA,25,233,1,19,0
2562744,Jace Sternberger,GB,TE,57,11,NA,NA,21,248,2,0,0
2552586,Tyler Kroft,BUF,TE,56,6,NA,NA,21,253,2,0,0
2557952,Wayne Gallman,NYG,RB,57,11,NA,NA,14,100,0,244,1
2532790,Travis Benjamin,LAC,WR,86,12,NA,NA,28,400,2,48,0
2561238,Matthew McCrane,PIT,K,19,7,NA,NA,NA,NA,NA,NA,NA
2552382,Malcolm Brown,LAR,RB,56,9,NA,NA,8,61,0,294,2
2506467,Darren Sproles,PHI,RB,56,10,NA,NA,17,167,1,125,1
2560896,Jordan Thomas,HOU,TE,55,10,NA,NA,20,224,2,0,0
2562631,Miles Boykin,BAL,WR,85,8,NA,NA,30,405,2,4,0
2532899,Doug Martin,OAK,RB,54,6,NA,NA,8,67,0,281,2
2558914,Kendrick Bourne,SF,WR,83,4,NA,NA,31,376,2,0,0
2560883,Equanimeous St. Brown,GB,WR,83,11,NA,NA,26,434,2,5,0
2562580,Mecole Hardman,KC,WR,83,12,NA,NA,25,393,3,23,0
2562738,Irv Smith Jr.,MIN,TE,52,12,NA,NA,18,229,2,0,0
497328,Demaryius Thomas,NE,WR,81,10,NA,NA,30,365,3,1,0
2560933,Jordan Wilkins,IND,RB,51,6,NA,NA,13,80,0,221,1
2562699,Tony Pollard,DAL,RB,50,8,NA,NA,11,86,0,203,1
2560951,Jordan Akins,HOU,TE,50,10,NA,NA,20,231,1,0,0
2552652,Chris Conley,JAC,WR,80,10,NA,NA,27,387,2,0,0
2553631,Zach Zenner,DET,RB,50,5,NA,NA,8,63,0,242,2
2561018,D.J. Chark,JAC,WR,80,10,NA,NA,29,403,2,0,0
2543500,Jordan Matthews,SF,WR,79,4,NA,NA,27,368,3,0,0
2555209,Chris Moore,BAL,WR,79,8,NA,NA,27,346,3,12,0
2562669,Andy Isabella,ARI,WR,79,12,NA,NA,28,366,2,17,0
2532835,Rhett Ellison,NYG,TE,48,11,NA,NA,20,208,1,0,0
2541316,Ryan Griffin,NYJ,TE,48,4,NA,NA,20,219,1,0,0
2555229,Kenneth Dixon,BAL,RB,48,8,NA,NA,9,70,0,229,2
2562693,Josh Oliver,JAC,TE,47,10,NA,NA,17,222,1,0,0
2495471,Jacquizz Rodgers,NO,RB,46,9,NA,NA,19,160,0,72,0
2530515,Chris Hogan,CAR,WR,76,7,NA,NA,26,373,2,2,0
2558112,Brian Hill,ATL,RB,44,9,NA,NA,5,34,0,240,2
2495288,Virgil Green,LAC,TE,43,12,NA,NA,17,179,1,0,0
2558194,Josh Reynolds,LAR,WR,74,9,NA,NA,25,332,2,14,0
2553318,James OShaughnessy,JAC,TE,43,10,NA,NA,19,187,1,0,0
2556190,Jakeem Grant,MIA,WR,73,5,NA,NA,26,350,2,10,0
2559159,Jason Croom,BUF,TE,41,6,NA,NA,17,193,1,0,0
2539217,Andre Ellington,TB,RB,42,7,NA,NA,16,138,0,73,1
2560949,Josh Adams,PHI,RB,41,10,NA,NA,2,20,0,277,1
2558832,Mo Alie-Cox,IND,TE,40,6,NA,NA,13,176,2,0,0
2557430,Sam Ficken,GB,K,4,11,NA,NA,NA,NA,NA,NA,NA
2534820,Garrett Celek,SF,TE,39,4,NA,NA,12,164,2,0,0
2558202,Trent Taylor,SF,WR,70,4,NA,NA,27,336,2,0,0
2541834,Josh Hill,NO,TE,39,9,NA,NA,15,169,1,0,0
2541187,Demetrius Harris,CLE,TE,39,7,NA,NA,14,157,1,0,0
2562681,Dawson Knox,BUF,TE,38,6,NA,NA,13,184,1,0,0
2562771,Kahale Warring,HOU,TE,38,10,NA,NA,13,178,1,0,0
2558942,Anthony Firkser,TEN,TE,37,11,NA,NA,15,173,1,0,0
2556396,Chester Rogers,IND,WR,68,6,NA,NA,28,302,2,4,0
2532978,Jarius Wright,CAR,WR,67,7,NA,NA,28,313,1,16,0
2552375,Cameron Artis-Payne,CAR,RB,37,7,NA,NA,5,36,0,185,2
2558138,Samaje Perine,WAS,RB,36,10,NA,NA,11,75,0,163,0
2560761,Richie James,SF,WR,66,4,NA,NA,24,308,2,0,0
2561461,Dontrell Hilliard,CLE,RB,36,7,NA,NA,13,101,0,96,0
2552402,Nick Boyle,BAL,TE,34,8,NA,NA,17,152,0,0,0
2543590,Cody Latimer,NYG,WR,65,11,NA,NA,22,325,2,1,0
2561137,Trenton Cannon,NYJ,RB,34,4,NA,NA,11,85,0,97,1
2563223,Damarea Crockett,HOU,RB,34,10,NA,NA,11,80,0,123,0
2550597,Seth Roberts,BAL,WR,64,8,NA,NA,27,299,1,3,0
2562712,Hunter Renfrow,OAK,WR,64,6,NA,NA,25,300,1,2,0
2557960,Ryan Switzer,PIT,WR,64,7,NA,NA,29,270,1,20,0
2555464,DeAndre Washington,OAK,RB,33,6,NA,NA,9,63,0,143,1
2562492,Jakobi Meyers,NE,WR,63,10,NA,NA,18,333,2,10,0
2540204,Spencer Ware,IND,RB,32,6,NA,NA,7,68,0,120,1
2558985,Tim Patrick,DEN,WR,62,10,NA,NA,23,306,1,13,0
2562489,Terry McLaurin,WAS,WR,62,10,NA,NA,21,299,2,1,0
2556273,Darius Jackson,DAL,RB,31,8,NA,NA,4,29,0,212,0
497224,Ed Dickson,SEA,TE,29,11,NA,NA,11,116,1,2,0
2552468,Maxx Williams,ARI,TE,29,12,NA,NA,13,107,1,5,0
2559385,Dan Arnold,NO,TE,29,9,NA,NA,11,125,1,0,0
2560938,Jeffery Wilson,SF,RB,29,4,NA,NA,5,34,0,204,0
2533046,Dwayne Allen,MIA,TE,27,5,NA,NA,12,110,1,0,0
2552582,Jay Ajayi,FA,RB,28,NA,NA,NA,0,37,0,239,0
2562317,Foster Moreau,OAK,TE,27,6,NA,NA,7,132,1,0,0
2540203,Levine Toilolo,SF,TE,27,4,NA,NA,10,121,1,0,0
2562406,Bryce Love,WAS,RB,27,10,NA,NA,5,49,0,108,1
2553737,Eli Rogers,PIT,WR,57,7,NA,NA,25,237,1,6,0
2558208,Chad Williams,ARI,WR,56,12,NA,NA,20,252,2,8,0
2550521,Xavier Grimble,PIT,TE,25,7,NA,NA,10,112,1,0,0
2540928,Darren Fells,HOU,TE,25,10,NA,NA,8,104,1,0,0
2557859,Jake Butt,DEN,TE,25,10,NA,NA,10,113,1,0,0
2562622,Ryquell Armstead,JAC,RB,25,10,NA,NA,4,33,0,126,1
2560866,Dalton Schultz,DAL,TE,25,8,NA,NA,11,109,1,0,0
2562677,KeeSean Johnson,ARI,WR,55,12,NA,NA,22,277,1,0,0
2495234,Luke Stocker,ATL,TE,24,9,NA,NA,9,94,1,0,0
2540145,Cordarrelle Patterson,CHI,WR,55,6,NA,NA,14,163,1,115,1
2540145,Cordarrelle Patterson,CHI,WR,55,6,NA,NA,14,163,1,115,1
2541199,Luke Willson,OAK,TE,24,6,NA,NA,11,96,1,0,0
2495347,Lee Smith,BUF,TE,24,6,NA,NA,5,111,1,0,0
2562720,Drew Sample,CIN,TE,24,9,NA,NA,10,99,1,0,0
2555214,Laquon Treadwell,MIN,WR,54,12,NA,NA,23,236,1,0,0
2533457,Alfred Morris,DAL,RB,24,8,NA,NA,3,25,0,115,1
2555348,Braxton Miller,PHI,WR,54,10,NA,NA,21,260,1,0,0
2552401,MyCole Pruitt,TEN,TE,23,11,NA,NA,9,101,1,0,0
2562221,Rodney Anderson,CIN,RB,23,9,NA,NA,5,41,0,81,1
2555417,C.J. Prosise,SEA,RB,22,11,NA,NA,10,68,0,39,0
2560777,John Kelly,LAR,RB,22,9,NA,NA,7,43,0,77,0
2562743,Benny Snell,PIT,RB,22,7,NA,NA,4,32,0,112,1
2508101,James Develin,NE,RB,21,10,NA,NA,9,55,0,11,1
2552478,Blake Bell,KC,TE,21,12,NA,NA,8,87,1,0,0
2562725,Jordan Scarlett,CAR,RB,20,7,NA,NA,3,28,0,97,1
2556404,Maurice Harris,NE,WR,51,10,NA,NA,16,269,1,10,0
2561482,Chad Beebe,MIN,WR,50,12,NA,NA,22,240,1,1,0
2560935,Darrel Williams,KC,RB,20,12,NA,NA,4,35,0,65,1
2557870,Taywan Taylor,TEN,WR,50,11,NA,NA,20,249,1,2,0
2553744,Eric Tomlinson,NYJ,TE,19,4,NA,NA,8,79,0,0,0
2532797,Brandon Bolden,NE,RB,19,10,NA,NA,1,7,0,64,2
2558956,Jacob Hollister,SEA,TE,18,11,NA,NA,8,87,0,0,0
2562491,Hakeem Butler,ARI,WR,49,12,NA,NA,16,229,2,1,0
2562775,Mike Weber,DAL,RB,18,8,NA,NA,1,16,0,96,1
2562784,Dexter Williams,GB,RB,18,11,NA,NA,4,27,0,85,0
2552403,Nick OLeary,MIA,TE,17,5,NA,NA,7,71,1,0,0
2507828,Logan Paulsen,ATL,TE,17,9,NA,NA,7,69,1,0,0
2495187,Lance Kendricks,NE,TE,17,10,NA,NA,7,70,1,0,0
2550313,Richard Rodgers,PHI,TE,17,10,NA,NA,6,67,1,0,0
2552580,A.J. Derby,NO,TE,17,9,NA,NA,7,74,0,0,0
2562270,Myles Gaskin,MIA,RB,18,5,NA,NA,4,27,0,86,0
2534241,Derek Carrier,OAK,TE,17,6,NA,NA,6,60,1,0,0
2560734,Troy Fumagalli,DEN,TE,17,10,NA,NA,9,78,0,0,0
2560915,Mark Walton,MIA,RB,17,5,NA,NA,4,23,0,82,0
2543759,Ryan Grant,OAK,WR,47,6,NA,NA,21,226,1,1,0
2561224,Keith Kirkwood,NO,WR,47,9,NA,NA,17,218,1,0,0
2553743,Rod Smith,NYG,RB,17,11,NA,NA,4,29,0,71,0
2561099,Mike Boone,MIN,RB,17,12,NA,NA,3,19,0,95,0
2556118,Dwayne Washington,NO,RB,17,9,NA,NA,0,2,0,142,0
2562805,Preston Williams,MIA,WR,47,5,NA,NA,14,255,1,1,0
2495340,Anthony Sherman,KC,RB,16,12,NA,NA,6,60,1,6,0
2561146,Boston Scott,PHI,RB,16,10,NA,NA,6,45,0,31,0
2552647,Marcus Murphy,BUF,RB,15,6,NA,NA,4,9,0,106,0
2562654,Zach Gentry,PIT,TE,15,7,NA,NA,6,62,0,0,0
2562292,Gary Jennings,SEA,WR,45,11,NA,NA,16,211,1,2,0
2556365,Seth DeValve,CLE,TE,14,7,NA,NA,5,68,0,0,0
2553728,Raheem Mostert,SF,RB,14,4,NA,NA,2,10,0,95,0
2562307,Alize Mack,NO,TE,14,9,NA,NA,6,53,0,0,0
2562740,Kaden Smith,SF,TE,14,4,NA,NA,5,57,0,0,0
2556463,Stephen Anderson,NE,TE,14,10,NA,NA,5,65,0,0,0
2562691,Isaac Nauta,DET,TE,14,5,NA,NA,6,52,0,0,0
2495888,Marcedes Lewis,GB,TE,13,11,NA,NA,5,59,0,0,0
2553432,Kevin White,ARI,WR,44,12,NA,NA,15,194,2,0,0
2532887,Jermaine Kearse,DET,WR,44,5,NA,NA,19,188,1,0,0
2559270,Robert Tonyan,GB,TE,13,11,NA,NA,4,67,0,0,0
2561027,Tyler Conklin,MIN,TE,13,12,NA,NA,5,59,0,0,0
2559263,Tyrone Swoopes,FA,TE,12,NA,NA,NA,4,53,0,0,0
2558049,Michael Roberts,FA,TE,12,NA,NA,NA,4,45,1,0,0
2557033,Garrett Griffin,NO,TE,12,9,NA,NA,4,33,1,0,0
2539303,Zach Line,NO,RB,12,9,NA,NA,4,21,1,29,0
2530700,Dontrelle Inman,NE,WR,43,10,NA,NA,15,190,1,0,0
2541966,Jaron Brown,SEA,WR,43,11,NA,NA,10,217,2,0,0
2562600,Trayveon Williams,CIN,RB,12,9,NA,NA,3,21,0,57,0
2495331,Aldrick Robinson,CAR,WR,42,7,NA,NA,11,149,3,0,0
2562409,Devine Ozigbo,NO,RB,12,9,NA,NA,2,4,1,52,0
2555432,Andy Janovich,DEN,RB,12,10,NA,NA,5,48,0,4,0
71269,Michael Crabtree,FA,WR,42,NA,NA,NA,18,192,1,0,0
2553451,Neal Sterling,KC,TE,11,12,NA,NA,5,41,0,0,0
2559325,Trey Edmunds,PIT,RB,11,7,NA,NA,0,4,0,47,1
2558273,T.J. Logan,ARI,RB,11,12,NA,NA,5,33,0,20,0
2562402,Bruce Anderson,TB,RB,11,7,NA,NA,4,30,0,34,0
2555460,Paul Perkins,NYG,RB,10,11,NA,NA,2,13,0,62,0
2553548,Jake Kumerow,GB,WR,40,11,NA,NA,10,224,1,1,0
2562466,JJ Arcega-Whiteside,PHI,WR,40,10,NA,NA,10,210,1,0,0
2556762,Elijhaa Penny,NYG,RB,10,11,NA,NA,5,37,0,14,0
2556528,D.J. Foster,ARI,RB,10,12,NA,NA,4,35,0,13,0
2559044,Antony Auclair,TB,TE,9,7,NA,NA,4,40,0,0,0
2561330,Jordan Franks,CIN,TE,9,9,NA,NA,3,41,0,0,0
2541544,Benny Cunningham,FA,RB,10,NA,NA,NA,4,31,0,23,0
2543767,Logan Thomas,DET,TE,9,5,NA,NA,4,40,0,0,0
2552622,Chris Manhertz,CAR,TE,9,7,NA,NA,3,44,0,0,0
2558877,Zach Pascal,IND,WR,40,6,NA,NA,16,191,1,6,0
2495459,Torrey Smith,CAR,WR,39,7,NA,NA,14,195,1,1,0
2557885,Jordan Leggett,TB,TE,8,7,NA,NA,4,40,0,0,0
2552631,Javorius Allen,FA,RB,9,NA,NA,NA,2,13,0,30,0
2552418,Justin Hardy,ATL,WR,39,9,NA,NA,14,160,1,0,0
2559163,Justin Davis,LAR,RB,9,9,NA,NA,0,2,0,63,0
2556803,C.J. Ham,MIN,RB,8,12,NA,NA,4,28,0,10,0
2557886,Jeremy Sprinkle,WAS,TE,8,10,NA,NA,3,28,0,0,0
2552374,Ameer Abdullah,MIN,RB,8,12,NA,NA,3,27,0,12,0
2559147,Billy Brown,IND,TE,7,6,NA,NA,3,43,0,0,0
2550405,Erik Swoope,FA,TE,7,NA,NA,NA,1,15,1,0,0
2530763,Patrick DiMarco,BUF,RB,7,6,NA,NA,4,33,0,2,0
2555317,Tajae Sharpe,TEN,WR,38,11,NA,NA,15,176,1,3,0
2555311,Jerell Adams,HOU,TE,7,10,NA,NA,3,36,0,0,0
2550289,David Fluellen,TEN,RB,7,11,NA,NA,2,16,0,26,0
2539336,Tavon Austin,DAL,WR,37,8,NA,NA,12,133,1,60,0
2539336,Tavon Austin,DAL,WR,37,8,NA,NA,12,133,1,60,0
2550353,Allen Hurns,MIA,WR,37,5,NA,NA,13,183,1,0,0
2558023,Eric Saubert,NE,TE,6,10,NA,NA,3,30,0,0,0
2562287,Jalen Hurd,SF,WR,37,4,NA,NA,9,196,1,21,0
2560880,Durham Smythe,MIA,TE,6,5,NA,NA,3,28,0,0,0
2556478,Ben Braunecker,CHI,TE,6,6,NA,NA,2,28,0,0,0
2543683,Austin Seferian-Jenkins,FA,TE,6,NA,NA,NA,3,25,0,0,0
2555306,David Morgan,MIN,TE,6,12,NA,NA,3,27,0,0,0
2561382,Detrez Newsome,LAC,RB,6,12,NA,NA,0,2,0,55,0
2560751,Ryan Izzo,NE,TE,6,10,NA,NA,3,28,0,0,0
2495262,Nick Bellore,SEA,RB,6,11,NA,NA,3,21,0,1,0
2495467,Taiwan Jones,HOU,RB,5,10,NA,NA,2,24,0,0,0
2558833,Alexander Armah,CAR,RB,5,7,NA,NA,1,5,0,10,0
2550235,Roosevelt Nix,PIT,RB,5,7,NA,NA,3,17,0,1,0
2540225,Tommy Bohanon,GB,RB,5,11,NA,NA,2,17,0,1,0
2562293,Ty Johnson,DET,RB,4,5,NA,NA,1,3,0,35,0
2556411,Josh Ferguson,HOU,RB,4,10,NA,NA,2,13,0,15,0
2560972,Nick Bawden,DET,RB,4,5,NA,NA,2,12,0,2,0
2559033,Ricky Ortiz,ATL,RB,4,9,NA,NA,2,14,0,1,0
2536044,Jamize Olawale,DAL,RB,4,8,NA,NA,2,16,0,2,0
2553900,Daniel Brown,NYJ,TE,4,4,NA,NA,1,18,0,0,0
2553502,DeAndre Carter,HOU,WR,34,10,NA,NA,15,167,0,4,0
2561060,Ross Dwelley,SF,TE,4,4,NA,NA,1,17,0,0,0
2559161,Sean Culkin,LAC,TE,3,12,NA,NA,1,16,0,0,0
2561293,Deon Yelder,KC,TE,3,12,NA,NA,1,12,0,0,0
2556375,Rico Gathers,CLE,TE,3,7,NA,NA,1,13,0,0,0
2550400,Keith Smith,OAK,RB,4,6,NA,NA,2,11,0,0,0
2557850,DeAngelo Henderson,MIN,RB,3,12,NA,NA,0,5,0,14,0
2539289,Kenjon Barner,ATL,RB,3,9,NA,NA,0,5,0,25,0
2533047,Orson Charles,FA,TE,3,NA,NA,NA,2,13,0,0,0
2558875,Johnny Mundt,LAR,TE,3,9,NA,NA,1,10,0,0,0
2555220,Derek Watt,LAC,RB,3,12,NA,NA,1,6,0,7,0
2552397,Clive Walford,MIA,TE,2,5,NA,NA,1,9,0,0,0
2559880,Keith Ford,GB,RB,2,11,NA,NA,1,5,0,12,0
2563327,D'Ernest Johnson,CLE,RB,2,7,NA,NA,1,11,0,0,0
2552396,Ben Koyack,JAC,TE,1,10,NA,NA,1,4,0,0,0
2558886,Darrell Daniels,ARI,TE,1,12,NA,NA,0,5,0,0,0
2553554,Matt Lengel,FA,TE,1,NA,NA,NA,0,4,0,0,0
2562777,Trevon Wesco,NYJ,TE,1,4,NA,NA,0,6,0,0,0
2560051,Justin Watson,TB,WR,32,7,NA,NA,13,160,1,2,0
2556444,Joshua Perkins,PHI,TE,1,10,NA,NA,0,6,0,0,0
2561468,De'Lance Turner,BAL,RB,2,8,NA,NA,1,2,0,5,0
71435,John Phillips,FA,TE,1,NA,NA,NA,0,6,0,0,0
2560961,Marcell Ateman,OAK,WR,32,6,NA,NA,12,156,1,0,0
2540259,MarQueis Gray,FA,TE,1,NA,NA,NA,0,2,0,3,0
2554630,Ross Travis,IND,TE,1,6,NA,NA,0,4,0,0,0
2555234,Tyler Ervin,BAL,RB,1,8,NA,NA,0,3,0,3,0
2558011,Bucky Hodges,PIT,TE,0,7,NA,NA,0,2,0,0,0
2553733,Thomas Rawls,JAC,RB,1,10,NA,NA,0,0,0,9,0
2558864,Mason Schreck,CIN,TE,0,9,NA,NA,0,1,0,0,0
2562626,Andrew Beck,NE,TE,0,10,NA,NA,0,1,0,0,0
2556737,Alex Ellis,PHI,TE,0,10,NA,NA,0,1,0,0,0
2561291,Shaun Wilson,WAS,RB,1,10,NA,NA,0,0,0,6,0
2556454,Brandon Wilds,SF,RB,0,4,NA,NA,0,0,0,5,0
2550206,Ryan Hewitt,TEN,TE,0,11,NA,NA,0,0,0,0,0
2552431,Vince Mayle,LAC,TE,0,12,NA,NA,0,0,0,0,0
2553658,Gabe Holmes,IND,TE,0,6,NA,NA,0,0,0,0,0
2553830,Will Tye,PHI,TE,0,10,NA,NA,0,0,0,0,0
2555486,Temarrick Hemingway,CAR,TE,0,7,NA,NA,0,0,0,0,0
2556261,Moritz Boehringer,FA,TE,0,NA,NA,NA,0,0,0,0,0
2556494,Kyle Carter,FA,TE,0,NA,NA,NA,0,0,0,0,0
2556700,Jason Vander Laan,CAR,TE,0,7,NA,NA,0,0,0,0,0
2556708,Cole Wick,TEN,TE,0,11,NA,NA,0,0,0,0,0
2556900,Austin Traylor,FA,TE,0,NA,NA,NA,0,0,0,0,0
2558889,Bug Howard,FA,TE,0,NA,NA,NA,0,0,0,0,0
2558929,Cethan Carter,CIN,TE,0,9,NA,NA,0,0,0,0,0
2558953,Cole Hikutini,MIN,TE,0,12,NA,NA,0,0,0,0,0
2559018,Pharaoh Brown,CLE,TE,0,7,NA,NA,0,0,0,0,0
2559254,Shane Smith,FA,TE,0,NA,NA,NA,NA,NA,NA,NA,NA
2559299,Evan Baylis,GB,TE,0,11,NA,NA,0,0,0,0,0
2561346,Cole Hunt,CAR,TE,0,7,NA,NA,0,0,0,0,0
2562394,Donald Parham,WAS,TE,0,10,NA,NA,0,0,0,0,0
2563037,Austin Fort,DEN,TE,0,10,NA,NA,0,0,0,0,0
2558861,Khalfani Muhammad,DEN,RB,0,10,NA,NA,0,1,0,3,0
2557977,Jeremy McNichols,TEN,RB,0,11,NA,NA,0,0,0,3,0
2562664,Elijah Holyfield,CAR,RB,0,7,NA,NA,0,1,0,0,0
2562665,Travis Homer,SEA,RB,0,11,NA,NA,0,0,0,1,0
2556801,Kenneth Farrow,MIA,RB,0,5,NA,NA,0,0,0,1,0
2556414,Rob Kelley,FA,RB,0,NA,NA,NA,0,0,0,0,0
2556415,Joe Kerridge,FA,RB,0,NA,NA,NA,0,0,0,0,0
497149,LeGarrette Blount,FA,RB,0,NA,NA,NA,0,0,0,0,0
2507999,Chris Ivory,FA,RB,0,NA,NA,NA,0,0,0,0,0
2534871,Derrick Coleman,FA,RB,0,NA,NA,NA,0,0,0,0,0
2539980,Kerwynn Williams,NO,RB,0,9,NA,NA,0,0,0,0,0
2543603,Jeremy Hill,FA,RB,0,NA,NA,NA,0,0,0,0,0
2550189,Isaiah Crowell,OAK,RB,0,6,NA,NA,0,0,0,0,0
2550542,Kapri Bibbs,FA,RB,0,NA,NA,NA,0,0,0,0,0
2550633,Senorise Perry,BUF,RB,0,6,NA,NA,0,0,0,0,0
2552379,Jeremy Langford,FA,RB,0,NA,NA,NA,0,0,0,0,0
2552636,Michael Burton,NO,RB,0,9,NA,NA,0,0,0,0,0
2553446,Malcolm Johnson,FA,RB,0,NA,NA,NA,0,0,0,0,0
2553650,Corey Grant,FA,RB,0,NA,NA,NA,0,0,0,0,0
2553660,Akeem Hunt,FA,RB,0,NA,NA,NA,0,0,0,0,0
2553867,Mack Brown,FA,RB,0,NA,NA,NA,0,0,0,0,0
2555218,Dan Vitale,GB,RB,0,11,NA,NA,0,0,0,0,0
2556603,Tre Madden,SEA,RB,0,11,NA,NA,0,0,0,0,0
2556841,Byron Marshall,WAS,RB,0,10,NA,NA,0,0,0,0,0
2557531,Troymaine Pope,LAC,RB,0,12,NA,NA,0,0,0,0,0
2557987,Matthew Dayes,NO,RB,0,9,NA,NA,0,0,0,0,0
2558837,Devante Mays,JAC,RB,0,10,NA,NA,0,0,0,0,0
2558850,Donnel Pumphrey,PHI,RB,0,10,NA,NA,0,0,0,0,0
2558975,Taquan Mizzell,CHI,RB,0,6,NA,NA,0,0,0,0,0
2558990,Patrick Ricard,BAL,RB,0,8,NA,NA,0,0,0,0,0
2559254,Shane Smith,FA,RB,0,NA,NA,NA,NA,NA,NA,NA,NA
2560727,Quinton Flowers,CIN,RB,0,9,NA,NA,0,0,0,0,0
2560817,Ryan Nall,CHI,RB,0,6,NA,NA,0,0,0,0,0
2560865,Bo Scarbrough,SEA,RB,0,11,NA,NA,0,0,0,0,0
2560898,Roc Thomas,JAC,RB,0,10,NA,NA,0,0,0,0,0
2561152,David Williams,DEN,RB,0,10,NA,NA,0,0,0,0,0
2561344,Buddy Howell,HOU,RB,0,10,NA,NA,0,0,0,0,0
2561419,Ralph Webb,PIT,RB,0,7,NA,NA,0,0,0,0,0
2561467,Mark Thompson,DET,RB,0,5,NA,NA,0,0,0,0,0
2561524,Dalyn Dawkins,TEN,RB,0,11,NA,NA,0,0,0,0,0
2562831,Wes Hills,ARI,RB,0,12,NA,NA,0,0,0,0,0
2562838,Marcus Green,ATL,RB,0,9,NA,NA,0,0,0,0,0
2562896,Christian Wade,BUF,RB,0,6,NA,NA,0,0,0,0,0
2562906,Cullen Gillaspia,HOU,RB,0,10,NA,NA,0,0,0,0,0
2562941,Darrin Hall,GB,RB,0,11,NA,NA,0,0,0,0,0
2562959,Chandler Cox,MIA,RB,0,5,NA,NA,0,0,0,0,0
2562974,Jeremy Cox,LAC,RB,0,12,NA,NA,0,0,0,0,0
2563040,Devontae Jackson,DEN,RB,0,10,NA,NA,0,0,0,0,0
2563062,Jon Hilliman,NYG,RB,0,11,NA,NA,0,0,0,0,0
2556493,Tra Carson,GB,RB,0,11,NA,NA,0,0,0,0,0
2555227,Jonathan Williams,IND,RB,0,6,NA,NA,0,0,0,-1,0
2562830,Kerrith Whyte,CHI,RB,0,6,NA,NA,0,0,0,0,0
2559362,Dare Ogunbowale,TB,RB,0,7,NA,NA,0,0,0,-1,0
2558113,Elijah Hood,CAR,RB,0,7,NA,NA,0,0,0,-1,0
2556519,Alex Erickson,CIN,WR,29,9,NA,NA,13,134,0,8,0
2541944,Russell Shepard,NYG,WR,29,11,NA,NA,10,135,1,0,0
2562674,Diontae Johnson,PIT,WR,28,7,NA,NA,8,197,0,2,0
2561061,Russell Gage,ATL,WR,26,9,NA,NA,10,113,1,0,0
2550198,Bennie Fowler,NYG,WR,26,11,NA,NA,10,122,1,0,0
2552656,J.J. Nelson,OAK,WR,25,6,NA,NA,8,113,1,11,0
2562577,Kelvin Harmon,WAS,WR,23,10,NA,NA,9,116,0,0,0
2556592,Roger Lewis,IND,WR,23,6,NA,NA,9,117,0,0,0
2555331,Cody Core,CIN,WR,22,9,NA,NA,9,110,0,1,0
497302,Brandon LaFell,FA,WR,22,NA,NA,NA,7,94,1,-1,0
2560987,Deon Cain,IND,WR,22,6,NA,NA,10,119,0,0,0
2506581,Ryan Fitzpatrick,MIA,QB,152,5,1941.865186,9.249773964,NA,NA,NA,151,2
2556569,Andy Jones,DET,WR,21,5,NA,NA,9,99,0,1,0
2561427,Vyncint Smith,HOU,WR,19,10,NA,NA,8,99,0,0,0
2553606,Jordan Taylor,MIN,WR,19,12,NA,NA,8,97,0,0,0
2561272,Trent Sherfield,ARI,WR,19,12,NA,NA,8,78,1,0,0
2535964,Josh Bellamy,NYJ,WR,18,4,NA,NA,7,91,0,3,0
2562960,John Ursua,SEA,WR,18,11,NA,NA,9,84,0,0,0
2557034,Marvin Hall,CHI,WR,17,6,NA,NA,7,84,0,4,0
2543836,T.J. Jones,NYG,WR,17,11,NA,NA,6,78,0,0,0
2558129,Isaiah McKenzie,BUF,WR,17,6,NA,NA,5,51,0,31,0
2560985,Deontay Burnett,NYJ,WR,16,4,NA,NA,6,73,0,0,0
497320,Andre Roberts,BUF,WR,15,6,NA,NA,7,73,0,2,0
2558975,Taquan Mizzell,CHI,WR,15,6,NA,NA,0,0,0,0,0
2559246,Artavis Scott,LAC,WR,15,12,NA,NA,6,65,0,6,0
2531332,Terrelle Pryor,JAC,WR,14,10,NA,NA,4,64,1,0,0
497278,Dez Bryant,FA,WR,14,NA,NA,NA,5,72,0,-1,0
2559013,Bobo Wilson,TB,WR,13,7,NA,NA,4,61,0,5,0
2543646,Bruce Ellington,FA,WR,13,NA,NA,NA,8,49,0,3,0
2553896,Darius Jennings,TEN,WR,12,11,NA,NA,6,60,0,0,0
2552654,Geremy Davis,LAC,WR,12,12,NA,NA,4,60,0,0,0
2560844,Byron Pringle,KC,WR,12,12,NA,NA,4,49,0,0,0
2558928,Austin Carr,NO,WR,12,9,NA,NA,4,50,0,0,0
2555333,Corey Coleman,NYG,WR,11,11,NA,NA,4,50,0,0,0
2553568,Cameron Meredith,NE,WR,11,10,NA,NA,4,39,0,2,0
2558091,Noah Brown,DAL,WR,10,8,NA,NA,4,53,0,0,0
2561470,Derrick Willies,CLE,WR,10,7,NA,NA,4,47,0,1,0
2562594,Terry Godwin,CAR,WR,10,7,NA,NA,3,46,0,3,0
2556855,Marcus Johnson,IND,WR,8,6,NA,NA,3,44,0,-1,0
2561054,Damion Ratley,CLE,WR,8,7,NA,NA,4,42,0,0,0
2559921,Daurice Fountain,IND,WR,8,6,NA,NA,4,36,0,2,0
2541388,Brice Butler,MIA,WR,7,5,NA,NA,2,26,0,0,0
2534436,Deonte Thompson,NYJ,WR,6,4,NA,NA,3,35,0,0,0
2561261,Brandon Powell,DET,WR,6,5,NA,NA,3,27,0,2,0
2560975,Braxton Berrios,NE,WR,6,10,NA,NA,3,32,0,0,0
2558262,Mack Hollins,PHI,WR,6,10,NA,NA,2,31,0,0,0
2532841,Michael Floyd,BAL,WR,6,8,NA,NA,3,31,0,0,0
2556752,Tommylee Lewis,DET,WR,5,5,NA,NA,1,23,0,9,0
2558127,Josh Malone,CIN,WR,5,9,NA,NA,2,28,0,1,0
2540151,Justin Hunter,FA,WR,5,NA,NA,NA,3,19,0,0,0
2532933,Brian Quick,WAS,WR,5,10,NA,NA,2,26,0,-1,0
2558069,Chad Hansen,HOU,WR,5,10,NA,NA,2,22,0,0,0
2555413,Trevor Davis,GB,WR,4,11,NA,NA,1,24,0,2,0
2559076,Marcus Kemp,KC,WR,4,12,NA,NA,1,22,0,0,0
2560243,Brandon Zylstra,MIN,WR,4,12,NA,NA,1,21,0,1,0
2560801,Ray-Ray McCloud,BUF,WR,4,6,NA,NA,2,14,0,2,0
2556773,Hunter Sharp,CIN,WR,3,9,NA,NA,1,16,0,0,0
2560990,Dylan Cantrell,LAC,WR,3,12,NA,NA,2,19,0,0,0
2495159,Dwayne Harris,OAK,WR,3,6,NA,NA,1,16,0,6,0
2559485,River Cracraft,DEN,WR,3,10,NA,NA,1,18,0,0,0
2559066,Gehrig Dieter,KC,WR,2,12,NA,NA,1,13,0,0,0
2562956,Juwann Winfree,DEN,WR,2,10,NA,NA,1,10,0,0,0
2560785,Jordan Lasley,OAK,WR,2,6,NA,NA,1,10,0,0,0
2560890,Auden Tate,CIN,WR,2,9,NA,NA,1,9,0,0,0
2562865,Scott Miller,TB,WR,2,7,NA,NA,1,6,0,0,0
2558905,JoJo Natson,LAR,WR,1,9,NA,NA,0,9,0,2,0
2560936,Cedrick Wilson,DAL,WR,1,8,NA,NA,1,5,0,-2,0
2561403,Da'Mari Scott,NYG,WR,1,11,NA,NA,1,6,0,0,0
2560814,J'Mon Moore,GB,WR,1,11,NA,NA,1,5,0,0,0
2555477,Charone Peake,NYJ,WR,1,4,NA,NA,0,8,0,0,0
2561317,Jawill Davis,FA,WR,0,NA,NA,NA,0,2,0,0,0
2560939,Javon Wims,CHI,WR,0,6,NA,NA,0,1,0,0,0
2561653,KhaDarel Hodge,LAR,WR,0,9,NA,NA,0,1,0,0,0
2557905,Amara Darboh,SEA,WR,0,11,NA,NA,0,0,0,0,0
2558258,Shelton Gibson,PHI,WR,0,10,NA,NA,0,0,0,0,0
2552470,Sammie Coates,FA,WR,0,NA,NA,NA,0,0,0,0,0
4487,Matthew Slater,NE,WR,0,10,NA,NA,0,0,0,0,0
2535988,Brittan Golden,NYG,WR,0,11,NA,NA,0,0,0,0,0
2540279,Nick Williams,DEN,WR,0,10,NA,NA,0,0,0,0,0
2541147,Charles Johnson,PHI,WR,0,10,NA,NA,0,0,0,0,0
2541940,Rashad Ross,CAR,WR,0,7,NA,NA,0,0,0,0,0
2543572,Martavis Bryant,FA,WR,0,NA,NA,NA,0,0,0,0,0
2552428,Tre McBride,JAC,WR,0,10,NA,NA,0,0,0,0,0
2552463,Jaelen Strong,JAC,WR,0,10,NA,NA,0,0,0,0,0
2552657,DeAndrew White,FA,WR,0,NA,NA,NA,0,0,0,0,0
2553434,Devin Smith,DAL,WR,0,8,NA,NA,0,0,0,0,0
2553499,Damiere Byrd,ARI,WR,0,12,NA,NA,0,0,0,0,0
2555356,Keenan Reynolds,SEA,WR,0,11,NA,NA,0,0,0,0,0
2555419,Pharoh Cooper,ARI,WR,0,12,NA,NA,0,0,0,0,0
2555473,Ricardo Louis,MIA,WR,0,5,NA,NA,0,0,0,0,0
2556381,Mike Thomas,LAR,WR,0,9,NA,NA,0,0,0,0,0
2556383,K.J. Brent,TB,WR,0,7,NA,NA,0,0,0,0,0
2556612,Tanner McEvoy,TEN,WR,0,11,NA,NA,0,0,0,0,0
2556616,Marken Michel,PHI,WR,0,10,NA,NA,0,0,0,0,0
2556661,Kalif Raymond,TEN,WR,0,11,NA,NA,0,0,0,0,0
2556672,Alonzo Russell,NYG,WR,0,11,NA,NA,0,0,0,0,0
2556805,Johnny Holton,PIT,WR,0,7,NA,NA,0,0,0,0,0
2556836,Duke Williams,BUF,WR,0,6,NA,NA,0,0,0,0,0
2556861,Jaydon Mickens,CAR,WR,0,7,NA,NA,0,0,0,0,0
2557032,Reece Horn,MIA,WR,0,5,NA,NA,0,0,0,0,0
2558025,DeAngelo Yancey,TEN,WR,0,11,NA,NA,0,0,0,0,0
2558071,Isaiah Ford,MIA,WR,0,5,NA,NA,0,0,0,0,0
2558095,Malachi Dupre,LAC,WR,0,12,NA,NA,0,0,0,0,0
2558254,Robert Davis,WAS,WR,0,10,NA,NA,0,0,0,0,0
2558808,Cyril Grayson,NO,WR,0,9,NA,NA,0,0,0,0,0
2558887,Trey Griffey,FA,WR,0,NA,NA,NA,0,0,0,0,0
2558911,C.J. Board,FA,WR,0,NA,NA,NA,0,0,0,0,0
2558912,Victor Bolden,BUF,WR,0,6,NA,NA,0,0,0,0,0
2558950,Keon Hatcher,OAK,WR,0,6,NA,NA,0,0,0,0,0
2558955,Cody Hollister,TEN,WR,0,11,NA,NA,0,0,0,0,0
2559007,Tim White,NYJ,WR,0,4,NA,NA,0,0,0,0,0
2559008,Isaac Whitney,HOU,WR,0,10,NA,NA,0,0,0,0,0
2559101,Travin Dural,NO,WR,0,9,NA,NA,0,0,0,0,0
2559131,Carlton Agudosi,PHI,WR,0,10,NA,NA,0,0,0,0,0
2559170,Amba Etta-Tawo,FA,WR,0,NA,NA,NA,0,0,0,0,0
2559176,Tanner Gentry,CHI,WR,0,6,NA,NA,0,0,0,0,0
2559235,Brandon Reilly,PIT,WR,0,7,NA,NA,0,0,0,0,0
2559278,Greg Ward,FA,WR,0,NA,NA,NA,0,0,0,0,0
2559286,Krishawn Hogan,IND,WR,0,6,NA,NA,0,0,0,0,0
2559324,Reggie Davis,DAL,WR,0,8,NA,NA,0,0,0,0,0
2559394,Lance Lenoir,DAL,WR,0,8,NA,NA,0,0,0,0,0
2560038,Jeff Badet,MIN,WR,0,12,NA,NA,0,0,0,0,0
2560783,Chris Lacy,DET,WR,0,5,NA,NA,0,0,0,0,0
2560787,Allen Lazard,GB,WR,0,11,NA,NA,0,0,0,0,0
2560812,Steven Mitchell,HOU,WR,0,10,NA,NA,0,0,0,0,0
2560838,Cam Phillips,BUF,WR,0,6,NA,NA,0,0,0,0,0
2560867,Jaleel Scott,BAL,WR,0,8,NA,NA,0,0,0,0,0
2560922,Jester Weah,HOU,WR,0,10,NA,NA,0,0,0,0,0
2560997,Davon Grayson,FA,WR,0,NA,NA,NA,0,0,0,0,0
2561012,Quadree Henderson,JAC,WR,0,10,NA,NA,0,0,0,0,0
2561067,Cam Sims,WAS,WR,0,10,NA,NA,0,0,0,0,0
2561130,Steve Ishmael,IND,WR,0,6,NA,NA,0,0,0,0,0
2561160,Austin Proehl,FA,WR,0,NA,NA,NA,0,0,0,0,0
2561257,Damoun Patterson,NE,WR,0,10,NA,NA,0,0,0,0,0
2561266,Teo Redding,FA,WR,0,NA,NA,NA,0,0,0,0,0
2561300,Saeed Blacknall,MIA,WR,0,5,NA,NA,0,0,0,0,0
2561358,J.J. Jones,NYJ,WR,0,4,NA,NA,0,0,0,0,0
2561359,Darvin Kidsy,WAS,WR,0,10,NA,NA,0,0,0,0,0
2561414,Jordan Veasy,IND,WR,0,6,NA,NA,0,0,0,0,0
2561521,Cameron Batson,TEN,WR,0,11,NA,NA,0,0,0,0,0
2561573,Deontez Alexander,DET,WR,0,5,NA,NA,0,0,0,0,0
2561671,Malik Turner,FA,WR,0,NA,NA,NA,0,0,0,0,0
2562393,Keelan Doss,OAK,WR,0,6,NA,NA,0,0,0,0,0
2562494,Emmanuel Butler,NO,WR,0,9,NA,NA,0,0,0,0,0
2562504,Stanley Morgan,CIN,WR,0,9,NA,NA,0,0,0,0,0
2562562,Ashton Dulin,IND,WR,0,6,NA,NA,0,0,0,0,0
2562583,Jazz Ferguson,SEA,WR,0,11,NA,NA,0,0,0,0,0
2562804,Penny Hart,IND,WR,0,6,NA,NA,0,0,0,0,0
2562812,Anthony Ratliff-Williams,TEN,WR,0,11,NA,NA,0,0,0,0,0
2562839,Jon'Vea Johnson,DAL,WR,0,8,NA,NA,0,0,0,0,0
2562844,Jalen Guyton,DAL,WR,0,8,NA,NA,0,0,0,0,0
2562860,Jason Moore,LAC,WR,0,12,NA,NA,0,0,0,0,0
2562932,Tyron Johnson,HOU,WR,0,10,NA,NA,0,0,0,0,0
2562953,Ishmael Hyman,CLE,WR,0,7,NA,NA,0,0,0,0,0
2563019,A.J. Richardson,ARI,WR,0,12,NA,NA,0,0,0,0,0
2563035,Trinity Benson,DEN,WR,0,10,NA,NA,0,0,0,0,0
2563128,Darrius Shepherd,GB,WR,0,11,NA,NA,0,0,0,0,0
2563340,Marcus Simms,JAC,WR,0,10,NA,NA,0,0,0,0,0
2562838,Marcus Green,ATL,WR,0,9,NA,NA,0,0,0,0,0
2557866,Jehu Chesson,WAS,WR,0,10,NA,NA,0,0,0,-2,0
2562660,Dwayne Haskins,WAS,QB,127,10,2031.054854,9.168834951,NA,NA,NA,40,0
2560858,Josh Rosen,MIA,QB,125,5,1838.118246,8.538807032,NA,NA,NA,94,0
2532888,Case Keenum,WAS,QB,108,10,1580.543202,6.933917957,NA,NA,NA,60,1
2562299,Daniel Jones,NYG,QB,43,11,627.6532692,2.913658434,NA,NA,NA,29,0
2558954,Taysom Hill,NO,QB,32,9,115.2256309,0.304340607,NA,NA,NA,128,2
2562305,Drew Lock,DEN,QB,31,10,512.7167932,2.111271347,NA,NA,NA,14,0
2557922,C.J. Beathard,SF,QB,28,4,422.801085,1.873327306,NA,NA,NA,16,0
2532956,Ryan Tannehill,TEN,QB,22,11,308.4407638,1.624345351,NA,NA,NA,18,0
2543477,Blake Bortles,LAR,QB,17,9,226.5676091,0.891375712,NA,NA,NA,22,0
2562404,Will Grier,CAR,QB,16,7,299.5820731,0.715991461,NA,NA,NA,1,0
2555427,Nate Sudfeld,PHI,QB,16,10,193.0639943,0.880697343,NA,NA,NA,10,0
2495441,Blaine Gabbert,TB,QB,14,7,204.2130748,1.253288364,NA,NA,NA,3,0
2562796,Gardner Minshew,JAC,QB,14,10,209.4602527,1.181504773,NA,NA,NA,5,0
2558979,Nick Mullens,SF,QB,13,4,195.3930943,0.981359167,NA,NA,NA,0,0
2555262,Jeff Driskel,CIN,QB,13,9,174.0003484,0.644,NA,NA,NA,13,0
2555261,Jacoby Brissett,IND,QB,13,6,178.1671869,0.545208729,NA,NA,NA,7,0
2533033,Robert Griffin,BAL,QB,13,8,120.2299288,0.404497154,NA,NA,NA,28,0
2557983,DeShone Kizer,GB,QB,12,11,170.2369734,1.216048387,NA,NA,NA,20,0
497123,Colt McCoy,WAS,QB,11,10,160.3829655,0.740372414,NA,NA,NA,7,0
2552588,Brett Hundley,ARI,QB,10,12,158.291518,0.911333017,NA,NA,NA,9,0
2562651,Ryan Finley,CIN,QB,10,9,145.6394958,1.099159664,NA,NA,NA,10,0
2553457,Trevor Siemian,NYJ,QB,10,4,150.5040085,1.070265655,NA,NA,NA,8,0
2539308,Matt Barkley,BUF,QB,10,6,145.9641366,1.251617647,NA,NA,NA,5,0
2541185,Ryan Griffin,TB,QB,10,7,134.037037,0.90260631,NA,NA,NA,6,0
2558191,Nathan Peterman,OAK,QB,9,6,123.1984869,4.722833563,NA,NA,NA,8,0
2495240,Tyrod Taylor,LAC,QB,9,12,119.6666034,0.477220114,NA,NA,NA,17,0
81284,Chase Daniel,CHI,QB,8,6,113.9560769,0.438183112,NA,NA,NA,0,0
2543465,Teddy Bridgewater,NO,QB,8,9,83.41901328,0.48398482,NA,NA,NA,13,0
2555387,Cody Kessler,PHI,QB,8,10,173.1343182,0.062121212,NA,NA,NA,3,0
2555316,Paxton Lynch,SEA,QB,7,11,82.08381724,0.228270677,NA,NA,NA,5,0
2558167,Joshua Dobbs,PIT,QB,7,7,83.87044534,0.724077501,NA,NA,NA,6,0
81294,Brian Hoyer,NE,QB,6,10,93.14877964,0.364505495,NA,NA,NA,-3,0
252,Chad Henne,KC,QB,6,12,92.39844877,0.096764706,NA,NA,NA,4,0
2559242,Cooper Rush,DAL,QB,6,8,93.60741718,0.197658619,NA,NA,NA,3,0
2543497,AJ McCarron,HOU,QB,6,10,88.20434483,0.26137931,NA,NA,NA,1,0
2495748,Drew Stanton,CLE,QB,6,7,79.96627609,0.423828273,NA,NA,NA,3,0
2506340,Alex Smith,WAS,QB,5,10,78.57895461,0.134938102,NA,NA,NA,5,0
2505982,Matt Schaub,ATL,QB,5,9,57.13264231,0.107689753,NA,NA,NA,1,0
2553656,Taylor Heinicke,CAR,QB,5,7,81.41880651,0.357459313,NA,NA,NA,2,0
264,Josh Johnson,DET,QB,4,5,17.65477273,0.158702652,NA,NA,NA,10,0
2539275,Mike Glennon,OAK,QB,4,6,64.47277514,0.217813093,NA,NA,NA,1,0
2552576,Sean Mannion,MIN,QB,4,12,82.07529208,0.156032389,NA,NA,NA,-3,0
2543640,Tom Savage,DET,QB,4,5,63.04628571,0.479285714,NA,NA,NA,3,0
1037347,Joe Webb,HOU,QB,2,10,31.88005487,0.225651578,NA,NA,NA,0,0
2562403,Trace McSorley,BAL,QB,1,8,0,0,NA,NA,NA,13,0
2555332,Connor Cook,FA,QB,1,NA,19.9982821,0.768716094,NA,NA,NA,0,0
2560788,Tanner Lee,JAC,QB,1,10,22.534663,0,NA,NA,NA,-2,0
2549982,Garrett Gilbert,CLE,QB,0,7,7.196698762,0,NA,NA,NA,2,0
2561177,Kyle Allen,CAR,QB,0,7,3.823246217,0,NA,NA,NA,0,0
2543751,David Fales,DET,QB,0,5,3.058596974,0.01349381,NA,NA,NA,0,0
2562762,Clayton Thorson,PHI,QB,0,10,3.868225585,0.044979367,NA,NA,NA,0,0
2539335,Geno Smith,SEA,QB,0,11,6.342090784,0,NA,NA,NA,-1,0
2562435,Tyree Jackson,BUF,QB,0,6,0,0,NA,NA,NA,1,0
2556232,Jake Rudock,MIA,QB,0,5,1.574277854,0.089958735,NA,NA,NA,0,0
2533436,Brock Osweiler,FA,QB,0,NA,0,0,NA,NA,NA,0,0
2534870,Alex Tanney,NYG,QB,0,11,0,0,NA,NA,NA,0,0
2540173,Tyler Bray,CHI,QB,0,6,0,0,NA,NA,NA,0,0
2555263,Kevin Hogan,DEN,QB,0,10,0,0,NA,NA,NA,0,0
2555365,Brandon Allen,LAR,QB,0,9,0,0,NA,NA,NA,0,0
2555426,Cardale Jones,LAC,QB,0,12,0,0,NA,NA,NA,0,0
2556492,Joe Callahan,BAL,QB,0,8,0,0,NA,NA,NA,0,0
2556713,Josh Woodrum,FA,QB,0,NA,0,0,NA,NA,NA,0,0
2557869,Chad Kelly,IND,QB,0,6,0,0,NA,NA,NA,0,0
2557897,Davis Webb,NYJ,QB,0,4,0,0,NA,NA,NA,0,0
2558904,Phillip Walker,IND,QB,0,6,0,0,NA,NA,NA,0,0
2559252,Kyle Sloter,MIN,QB,0,12,0,0,NA,NA,NA,0,0
2560717,Danny Etling,FA,QB,0,NA,0,0,NA,NA,NA,0,0
2560720,Luke Falk,NYJ,QB,0,4,0,0,NA,NA,NA,0,0
2560792,Chase Litton,KC,QB,0,12,0,0,NA,NA,NA,0,0
2560860,Mason Rudolph,PIT,QB,0,7,0,0,NA,NA,NA,0,0
2560929,Mike White,DAL,QB,0,8,0,0,NA,NA,NA,0,0
2560942,Logan Woodside,TEN,QB,0,11,0,0,NA,NA,NA,0,0
2560969,J.T. Barrett,SEA,QB,0,11,0,0,NA,NA,NA,0,0
2560974,Kurt Benkert,ATL,QB,0,9,0,0,NA,NA,NA,0,0
2561148,Alex McGough,JAC,QB,0,10,0,0,NA,NA,NA,0,0
2561187,Tim Boyle,GB,QB,0,11,0,0,NA,NA,NA,0,0
2562745,Easton Stick,LAC,QB,0,12,0,0,NA,NA,NA,0,0
2563043,David Blough,CLE,QB,0,7,0,0,NA,NA,NA,0,0
2560786,Kyle Lauletta,NYG,QB,0,11,0,0.314855571,NA,NA,NA,0,0
